company,job-title,level
SynergisticIT,Entry Level Software Engineer,Entry level
SynergisticIT,Data Analyst (Entry/Junior Level),Mid-Senior level
,,
SynergisticIT,Junior Software Engineer,Entry level
SynergisticIT,Backend Developer(Entry Level),Entry level
,,
,,
SynergisticIT,Jr software engineer,Entry level
SynergisticIT,Data Analyst/Python Programmer - Remote,Entry level
Veteran Benefits Guide,AI Software Engineer,Entry level
,,
Patterned Learning Career,Junior Software Development Engineer,Entry level
,,
SynergisticIT,Backend Developer(Entry Level),Entry level
SynergisticIT,Data Scientist(Rermote) - Junior/Entry Level,Entry level
SynergisticIT,Entry Level Programmer/Coder/Developer/Data Scientist/Analyst/Engineer,Entry level
SynergisticIT,Jr software engineer,Entry level
,,
,,
Patterned Learning Career,Full Stack Web Developer,Entry level
